308771,Mrs.,Adeline,X,Poston,F,adeline.poston@charter.net,1979/03/07,2005/06/28,187740,Duplicate Primary Key value in database
273911,Hon.,Jamal,K,Fairchild,M,jamal.fairchild@msn.com,1993/01/08,2016/10/19,132031,Duplicate Primary Key value in database
425467,Mr.,Benton,Q,Dotson,M,benton.dotson@yahoo.co.in,1976/10/29,2004/11/28,78764,Duplicate Primary Key value in database
766480,Mrs.,Bridgette,R,Cannady,F,bridgette.cannady@verizon.net,1980/12/04,2009/02/27,50683,Duplicate Primary Key value in database
254060,Dr.,Sylvester,V,Hamill,M,sylvester.hamill@aol.com,1964/07/06,1989/07/19,105460,Duplicate Primary Key value in database
602809,Ms.,Juana,E,Perdue,F,juana.perdue@hotmail.com,1962/05/08,2001/03/14,80774,Duplicate Primary Key value in database
816839,Dr.,Gerry,G,Doody,M,gerry.doody@yahoo.ca,1984/03/16,2010/11/28,182630,Duplicate Primary Key value in database
315817,Mrs.,Suzanna,M,Mcfarlane,F,suzanna.mcfarlane@yahoo.com,1994/07/25,2016/07/10,102387,Duplicate Primary Key value in database
195200,Prof.,Elvis,Q,Seitz,M,elvis.seitz@msn.com,1994/05/05,2017/06/06,147053,Duplicate Primary Key value in database
874818,Dr.,Joshua,N,Thai,M,joshua.thai@bellsouth.net,1970/05/23,2002/03/26,87636,Duplicate Primary Key value in database
577588,Mr.,Giuseppe,M,Lux,M,giuseppe.lux@shell.com,1962/04/10,1989/07/01,78040,Duplicate Primary Key value in database
449321,Mr.,Mickey,Y,Squire,M,mickey.squire@gmail.com,1972/01/03,1998/04/10,95031,Duplicate Primary Key value in database
741457,Prof.,Hank,H,Sauter,M,hank.sauter@yahoo.co.uk,1987/05/25,2014/06/10,102928,Duplicate Primary Key value in database
177006,Mrs.,Gisele,P,Huie,F,gisele.huie@gmail.com,1980/04/29,2010/07/11,115389,Duplicate Primary Key value in database
115718,Ms.,Celia,S,Richards,F,celia.richards@ibm.com,1984/10/02,2009/12/06,56085,Duplicate Primary Key value in database
467080,Drs.,Terrilyn,A,Mcmullen,F,terrilyn.mcmullen@gmail.com,1966/01/21,2005/08/16,175513,Duplicate Primary Key value in database
232476,Mrs.,Aisha,A,Mcburney,F,aisha.mcburney@comcast.net,1985/07/03,2009/01/28,80032,Duplicate Primary Key value in database
173479,Prof.,Jefferey,C,Carver,M,jefferey.carver@yahoo.co.uk,1976/07/07,2009/03/25,89940,Duplicate Primary Key value in database
365479,Prof.,Terence,D,Huss,M,terence.huss@gmail.com,1986/10/02,2008/09/24,46374,Duplicate Primary Key value in database
992780,Mr.,Edward,D,Stcyr,M,edward.stcyr@gmail.com,1958/05/15,1997/06/22,56173,Duplicate Primary Key value in database
806216,Dr.,Bryon,O,Sprague,M,bryon.sprague@gmail.com,1983/08/08,2010/12/17,41390,Duplicate Primary Key value in database
724623,Ms.,Lera,G,Tillett,F,lera.tillett@gmail.com,1958/06/06,1997/07/14,100747,Duplicate Primary Key value in database
968722,Mr.,Freeman,H,Lower,M,freeman.lower@aol.com,1996/02/19,2017/03/11,76823,Duplicate Primary Key value in database
556707,Prof.,Randy,O,Foxworth,M,randy.foxworth@gmail.com,1967/04/18,1988/09/02,71645,Duplicate Primary Key value in database
945178,Ms.,Tanja,A,Ralph,F,tanja.ralph@hotmail.com,1971/06/16,2011/01/26,153309,Duplicate Primary Key value in database
955733,Mr.,Marc,O,Mcleod,M,marc.mcleod@yahoo.com,1962/01/04,2017/02/28,66858,Duplicate Primary Key value in database
272630,Ms.,Ingeborg,M,Bolding,F,ingeborg.bolding@cox.net,1988/06/10,2012/09/04,53138,Duplicate Primary Key value in database
517476,Ms.,Marleen,C,Bell,F,marleen.bell@gmail.com,1963/01/06,1995/12/03,117582,Duplicate Primary Key value in database
992731,Hon.,Kirstin,S,Begley,F,kirstin.begley@outlook.com,1995/09/27,2016/11/17,173538,Duplicate Primary Key value in database
528467,Mrs.,Ayanna,Y,Pinder,F,ayanna.pinder@hotmail.com,1977/12/27,2007/01/04,68232,Duplicate Primary Key value in database
214099,Mrs.,Alina,V,Kates,F,alina.kates@gmail.com,1966/10/28,2006/01/06,154771,Duplicate Primary Key value in database
947619,Mrs.,Penny,C,Drumm,F,penny.drumm@gmail.com,1959/01/27,1994/11/01,162273,Duplicate Primary Key value in database
571027,Ms.,Jamee,T,Stamp,F,jamee.stamp@gmail.com,1982/10/23,2007/03/24,192759,Duplicate Primary Key value in database
961538,Prof.,Carol,D,Guest,M,carol.guest@hotmail.com,1966/12/06,2017/06/12,158646,Duplicate Primary Key value in database
695651,Mr.,Herb,W,Mosier,M,herb.mosier@shaw.ca,1969/05/13,1991/06/30,42944,Duplicate Primary Key value in database
562522,Mr.,Merlin,J,Tackett,M,merlin.tackett@gmail.com,1990/06/02,2013/09/09,72994,Duplicate Primary Key value in database
768767,Drs.,Dorcas,S,Magill,F,dorcas.magill@gmail.com,1966/08/07,1989/07/15,128820,Duplicate Primary Key value in database
535207,Ms.,Myrtie,J,Testerman,F,myrtie.testerman@bellsouth.net,1981/12/30,2013/07/13,101955,Duplicate Primary Key value in database
891653,Hon.,Marshall,U,Johanson,M,marshall.johanson@yahoo.co.in,1965/01/01,1992/09/04,107590,Duplicate Primary Key value in database
637227,Dr.,Oliver,V,Rockett,M,oliver.rockett@comcast.net,1963/09/03,2014/09/24,53492,Duplicate Primary Key value in database
576333,Mr.,Gregorio,Z,Bauman,M,gregorio.bauman@gmail.com,1970/12/12,2016/01/09,188606,Duplicate Primary Key value in database
510897,Drs.,Alene,X,Throckmorton,F,alene.throckmorton@outlook.com,1964/05/28,1988/02/26,73907,Duplicate Primary Key value in database
469204,Hon.,Marion,O,Rigby,M,marion.rigby@hotmail.com,1993/09/16,2015/01/10,45836,Duplicate Primary Key value in database
281376,Mr.,Cary,R,Murr,M,cary.murr@hotmail.com,1985/01/04,2017/07/24,157975,Duplicate Primary Key value in database
437622,Ms.,Hassie,I,Tye,F,hassie.tye@gmail.com,1966/07/20,2003/11/16,143159,Duplicate Primary Key value in database
758783,Dr.,Antonio,E,Kropp,M,antonio.kropp@yahoo.com,1983/02/12,2008/01/08,184807,Duplicate Primary Key value in database
772917,Mrs.,Jalisa,K,Nilsson,F,jalisa.nilsson@microsoft.com,1994/10/09,2017/02/26,49381,Duplicate Primary Key value in database
401576,Ms.,Iola,U,Carranza,F,iola.carranza@hotmail.com,1988/02/03,2016/12/05,142745,Duplicate Primary Key value in database
581148,Ms.,Oneida,S,Straub,F,oneida.straub@walmart.com,1970/03/18,1998/12/01,131416,Duplicate Primary Key value in database
482012,Ms.,Jonnie,H,Mclellan,F,jonnie.mclellan@hotmail.com,1960/05/02,1999/10/03,160710,Duplicate Primary Key value in database
439490,Ms.,Joshua,H,Pacheco,F,joshua.pacheco@hotmail.com,1980/07/08,2002/10/27,133710,Duplicate Primary Key value in database
421181,Drs.,Merri,J,Tillery,F,merri.tillery@outlook.com,1958/01/12,1990/06/14,85034,Duplicate Primary Key value in database
989007,Mr.,Carol,T,London,M,carol.london@yahoo.com,1964/01/22,1990/12/07,64957,Duplicate Primary Key value in database
721695,Mr.,Robert,B,Harrison,M,robert.harrison@gmail.com,1996/01/10,2017/07/15,55024,Duplicate Primary Key value in database
443835,Hon.,Louis,M,Alton,M,louis.alton@ibm.com,1972/09/27,1998/03/07,66309,Duplicate Primary Key value in database
505192,Ms.,Corinna,T,Garfield,F,corinna.garfield@gmail.com,1976/04/22,2001/07/16,61454,Duplicate Primary Key value in database
631859,Hon.,Trudi,V,Aiken,F,trudi.aiken@msn.com,1990/03/19,2014/10/16,176579,Duplicate Primary Key value in database
